domain,redirect
18f.gov,https://18f.gsa.gov/
22007apply.gov,https://www.usda.gov/about-usda/general-information/initiatives-and-highlighted-programs/22007
988.gov,https://988lifeline.org/
aal.army,https://aal.mil/
accedeainternet.gov,https://www.getinternet.gov/apply?ln=U3BhbmlzaA%3D%3D&awsl=accedeainternet
accessibility.gov,https://www.section508.gov/
acf.gov,https://www.acf.hhs.gov/
acinet.org,https://www.careeronestop.org/Toolkit/ACINet.aspx
acpbenefit.gov,https://www.affordableconnectivity.gov/
acwi.gov,https://www.usgs.gov/mission-areas/water-resources/advisory-committee-water-information
afreserve.com,https://www.airforce.com/ways-to-serve/air-force-reserve
africanamericanhistorymonth.gov,https://blackhistorymonth.gov/
aging.gov,https://www.hhs.gov/aging/index.html
ahcpr.gov,https://www.ahrq.gov/
aids.gov,https://www.hiv.gov/
airspacemag.com,https://www.smithsonianmag.com/category/air-space-magazine/
ajb.org,https://www.careeronestop.org/JobSearch/FindJobs/state-job-banks.aspx
alertaenlinea.gov,https://consumidor.ftc.gov/robo-de-identidad-y-seguridad-en-linea/privacidad-y-seguridad-en-linea
alx.org,https://www.careeronestop.org/Credentials/default.aspx
amberalert.gov,https://amberalert.ojp.gov/
america250.gov,https://america250.org/
americanclimatecorps.gov,https://www.acc.gov/
americaslibrary.gov,https://www.loc.gov/families/
americathebeautifulquarters.gov,https://www.usmint.gov/
anstaskforce.gov,https://www.fws.gov/program/aquatic-nuisance-species-task-force
aoa.gov,https://acl.gov/
ap.gov,https://www.bis.doc.gov/index.php/other-areas/additional-protocol-ap
apprenticeships.gov,https://www.apprenticeship.gov/
arpah.gov,https://arpa-h.gov/
aspr.gov,https://aspr.hhs.gov/
atvsafety.gov,https://www.cpsc.gov/Safety-Education/Safety-Education-Centers/ATV-Safety-Information-Center
bbg.gov,https://www.usagm.gov/
benefeds.com,https://www.benefeds.gov/
benefits.gov,https://www.usa.gov/benefit-finder?utm_source=usa_benefits-gov&utm_medium=redirect&utm_campaign=redirect_benefits-gov&modal=b-welcome-1899
bfem.gov,https://arc.fiscal.treasury.gov/services/financial-services/budget-formulation/
billetes.gov,https://www.uscurrency.gov/es
biometriccoe.gov,https://fbibiospecs.fbi.gov/
biometrics.gov,https://www.dhs.gov/biometrics
bja.gov,https://bja.ojp.gov/
bjs.gov,https://bjs.ojp.gov/
bondpro.gov,https://www.treasurydirect.gov/savings-bonds/cashing-a-bond/savings-bond-pro/
brain.gov,https://braininitiative.nih.gov/
broadbandmap.gov,https://broadbandmap.fcc.gov/
btfa.gov,https://www.doi.gov/ost
bush41library.gov,https://bush41library.archives.gov/
bushlibrary.tamu.edu,https://www.bush41.org/
business.gov,https://www.sba.gov/
businessusa.gov,https://www.usa.gov/small-business?source=busa
buyaccessible.gov,https://www.section508.gov/art/
buyamerican.gov,https://www.madeinamerica.gov/
cao.gov,https://www.acquisition.gov/cao-home
cap.gov,https://www.gocivilairpatrol.com/
capital.gov,https://www.aoc.gov/virtual-capitol
capitol.gov,https://www.aoc.gov/virtual-capitol
capmembers.com,https://www.gocivilairpatrol.com/
careerinfonet.org,https://www.careeronestop.org/Toolkit/ACINet.aspx
cfcnca.org,https://givecfc.org/
cge.concursolutions.com,https://usg.concursolutions.com/govui
charmmtutorial.org,https://idwlimited.com/
choosemyplate.gov,https://www.myplate.gov/
cidi.org,https://cidi.usaid.gov/bhacidi
cldcentral.usalearning.net,https://cldcentral.usalearning.gov/
collegenavigator.gov,https://nces.ed.gov/collegenavigator/
congressionaldirectory.gov,https://www.govinfo.gov/app/collection/cdir
congressionalrecord.gov,https://www.govinfo.gov/app/collection/crec
consumeraction.gov,https://www.usa.gov/
coronavirus.gov,https://www.cdc.gov/covid/index.html
coronaviruspreventionnetwork.org,https://www.all-flags-world.com/
crimesolutions.gov,https://crimesolutions.ojp.gov/
crimevictims.gov,https://ovc.ojp.gov/help-for-victims/overview
csosa.biz,https://www.csosa.gov/
csosa.org,https://www.csosa.gov/
currencyreaderapplication.gov,https://currencyreader.gov/
cyber.gov,https://www.cisa.gov/
cybercareers.gov,https://www.opm.gov/cyber-careers/
cybercrime.gov,https://www.justice.gov/criminal/criminal-ccips
cybersecurity.gov,https://www.cisa.gov/
d11nuscgaux.info,http://wow.uscgaux.info/content.php?unit=113
dcsafesurrender.com,https://www.csosa.gov/
dcsafesurrender.net,https://www.csosa.gov/
dcsafesurrender.org,https://www.csosa.gov/
dd214.gov,https://www.archives.gov/veterans
deamuseum.org,https://museum.dea.gov/
dhhs.gov,https://www.hhs.gov/
digitaldashboard.gov,https://itdashboard.gov/federal-website-metrics
digitalgov.gov,https://digital.gov/
disasterhousing.gov,https://www.hud.gov/
distracteddriving.gov,https://www.nhtsa.gov/risky-driving/distracted-driving
distraction.gov,https://www.nhtsa.gov/campaign/distracted-driving
doc.gov,https://www.commerce.gov/
dontserveteens.gov,https://consumer.ftc.gov/features/we-dont-serve-teens
dot.gov,https://www.transportation.gov/
dotgov.gov,https://get.gov/
drugabuse.gov,https://nida.nih.gov/
drywallresponse.gov,https://www.cpsc.gov/Safety-Education/Safety-Education-Centers/Drywall-Information-Center
eaglecash.gov,https://fiscal.treasury.gov/eaglecash/
earmarks.gov,https://www.whitehouse.gov/
earthquake.gov,https://www.usgs.gov/programs/earthquake-hazards
earthquake.usgs.gov,https://www.usgs.gov/programs/earthquake-hazards
ecpic.gov,https://digital.gov/services/electronic-capital-planning-and-investment-control-ecpic/
edison.gov,https://www.nist.gov/iedison
eldercare.gov,https://eldercare.acl.gov/Public/Index.aspx
elderjustice.gov,https://www.justice.gov/elderjustice
emergency-federal-register.gov,https://www.archives.gov/federal-register
encuentraapoyo.gov,https://www.samhsa.gov/encuentra-apoyo
energysaver.gov,https://www.energy.gov/energysaver/energy-saver/
energysavers.gov,https://www.energy.gov/energysaver/energy-saver
eop.gov,https://www.whitehouse.gov/
epic.gov,https://www.dea.gov/what-we-do/law-enforcement/epic
everify.gov,https://www.e-verify.gov/
execsec.gov,https://www.usda.gov/
exploretsp.gov,https://www.tsp.gov/
eyenote.gov,https://www.bep.gov/services/currency-accessibility/mobile-applications
faca.gov,https://www.gsa.gov/policy-regulations/policy/federal-advisory-committee-management
fafsa.gov,https://studentaid.gov/h/apply-for-aid/fafsa
fapiis.gov,https://sam.gov/fapiis
farmerfairness.gov,https://www.usda.gov/farmerfairness
fbf.gov,https://acquisitiongateway.gov/forecast
fbo.gov,https://sam.gov/opportunities
fdicseguro.gov,https://www.fdic.gov/espanol
fdsys.gov,https://www.govinfo.gov/about
feb.gov,https://feb.opm.gov/
federalinvestments.gov,https://www.treasurydirect.gov/government/federal-investments-program/
federaljobs.gov,https://www.usajobs.gov/
fedidcard.gov,https://www.gsa.gov/technology/it-contract-vehicles-and-purchasing-programs/federal-credentialing-services?gsaredirect=fedidcard
fedinvest.gov,https://treasurydirect.gov/government/federal-investments-program/
fedjobs.gov,https://www.usajobs.gov/
fedrooms.gov,https://www.gsa.gov/travel/plan-a-trip/lodging/fedrooms
fedshirevets.gov,https://www.opm.gov/fedshirevets/
fegli.gov,https://www.opm.gov/healthcare-insurance/life-insurance
fha.gov,https://www.hud.gov/fha
financialstability.gov,https://home.treasury.gov/data/troubled-asset-relief-program
findsupport.gov,https://www.samhsa.gov/find-support
firstfreedom.gov,https://www.justice.gov/crt/combating-religious-discrimination-and-protecting-religious-freedom-12
firstgov.gov,https://www.usa.gov/
fishwatch.gov,https://www.fisheries.noaa.gov/topic/sustainable-seafood
fitness.gov,https://odphp.health.gov/pcsfn
flightrights.gov,https://www.transportation.gov/airconsumer/airline-customer-service-dashboard
flu.gov,https://www.cdc.gov/flu/
fmi.gov,https://sftool.gov/train
forms.gov,https://www.usa.gov/forms?utm_source=forms_gov&utm_medium=USAGov_Redirect&utm_campaign=Dec_2019_launch
frc.gov,https://www.archives.gov/frc
fsafeds.com,https://www.fsafeds.gov/
fsoc.gov,https://home.treasury.gov/policy-issues/financial-markets-financial-institutions-and-fiscal-service/fsoc
gatewaycfc.org,https://nexuscommunity.org/
gcmrc.gov,https://www.usgs.gov/centers/sbsc/about/gcmrc
gem-measures.org,https://cancercontrol.cancer.gov/brp/research/group-evaluated-measures
genomereference.org,https://www.ncbi.nlm.nih.gov/grc
georgewbushlibrary.smu.edu,https://www.georgewbushlibrary.gov/
getsmartaboutdrugs.com,https://www.getsmartaboutdrugs.gov/
globalentry.gov,https://www.cbp.gov/travel/trusted-traveler-programs/global-entry
globalhealth.gov,https://www.hhs.gov/about/agencies/oga/index.html
goang.com,https://www.airforce.com/ways-to-serve/air-national-guard
gobiernousa.gov,https://www.usa.gov/es/
godirect.org,https://godirect.gov/gpw/
goodjobs.gov,https://www.dol.gov/general/good-jobs
governmentjobs.gov,https://www.usajobs.gov/
govloans.gov,https://www.usa.gov/government-loan?utm_source=usa_benefits-gov&utm_medium=redirect&utm_campaign=redirect_govloans-gov
healthfinder.gov,https://odphp.health.gov/myhealthfinder
healthypeople.gov,https://odphp.health.gov/healthypeople
hearttruth.com,https://www.nhlbi.nih.gov/health-topics/education-and-awareness/heart-truth
hearttruth.gov,https://www.nhlbi.nih.gov/health-topics/education-and-awareness/heart-truth
hearttruth.net,https://www.nhlbi.nih.gov/health-topics/education-and-awareness/heart-truth
hearttruth.org,https://www.nhlbi.nih.gov/health-topics/education-and-awareness/heart-truth
helpamericavote.gov,https://www.eac.gov/help-america-vote
homelandsecurity.gov,https://www.dhs.gov/
housecalendar.gov,https://www.govinfo.gov/app/collection/ccal
howrightnow.org,https://www.cdc.gov/howrightnow/
hsr.gov,https://www.ftc.gov/enforcement/premerger-notification-program
hudhomestore.com,https://www.hudhomestore.gov/
hudhre.info,https://artcityclaws.com/
huduser.org,https://www.huduser.gov/
humanities.gov,https://www.neh.gov/
hurricanes.gov,https://www.nhc.noaa.gov/
hydrogen.gov,https://www.hydrogen.energy.gov/interagency
ibb.gov,https://www.usagm.gov/
icjointduty.gov,https://www.dni.gov/index.php/careers/joint-duty
idfc.gov,https://www.dfc.gov/
idtheft.gov,https://www.identitytheft.gov/
iedison.gov,https://www.nist.gov/iedison
indianaffairs.gov,https://www.bia.gov/
info.gov,https://www.usa.gov/contact-us
interior.gov,https://www.doi.gov/
internet4all.gov,https://www.internetforall.gov/
interpol.gov,https://www.justice.gov/interpol-washington
invasivespecies.gov,https://www.doi.gov/invasivespecies/
ise.gov,https://www.dni.gov/index.php/
jamrs.org,https://jamrs.defense.gov/
jfklibrary.gov,https://jfklibrary.archives.gov/
juvenilecouncil.gov,https://juvenilecouncil.ojp.gov/
kids.gov,https://www.usa.gov/education?source=kids
know2protect.gov,https://www.dhs.gov/know2protect
knowyouroptions.com,https://www.fanniemae.com/
lbjlibrary.gov,https://lbjlibrary.archives.gov/
learndoj.gov,https://www.justice.gov/jmd/learndoj
listo.gov,https://www.ready.gov/es
literacydirectory.org,https://www.nld.org/
longtermcare.gov,https://acl.gov/ltc
makinghomeaffordable.gov,https://home.treasury.gov/data/troubled-assets-relief-program/housing
marineforlife.org,https://www.usmc-mccs.org/marine-family-support/transition-readiness/marine-for-life-network
mesh.gov,https://meshb.nlm.nih.gov/
mha.gov,https://home.treasury.gov/data/troubled-assets-relief-program/housing
micanaldepanama.com,https://pancanal.com/
migrantworker.gov,https://www.dol.gov/general/migrantworker
mimm.gov,https://www.consumerfinance.gov/consumer-tools/military-financial-lifecycle/
moneyfactory.gov,https://www.bep.gov/
moneyfactorystore.gov,https://www.usmint.gov/bureau-of-engraving.html
mshastanddown.gov,https://www.msha.gov/stand-down-save-lives
mymedicare.gov,https://www.medicare.gov/my/home
nagb.org,https://www.nagb.gov/
nara.gov,https://www.archives.gov/
nationalgangcenter.gov,https://nationalgangcenter.ojp.gov/
nationalhousing.gov,https://www.hud.gov/
nationalhousinglocator.gov,https://www.hud.gov/
nationalresourcedirectory.gov,http://nrd.gov/
navycash.gov,https://fiscal.treasury.gov/navy-cash/
navyreserve.com,https://www.navy.com/joining/ways-to-join/reserve
nbib.gov,https://www.dcsa.mil/
ncands.net,https://ncands.acf.hhs.gov/Account/Login?ReturnUrl=%2F
ncats.io,https://ncats.nih.gov/
ncirc.gov,https://ncirc.bja.ojp.gov/
ncsc.gov,https://www.dni.gov/index.php/ncsc-home
nctc.gov,https://www.dni.gov/index.php/nctc-home
nea.gov,https://www.arts.gov/
neabigread.org,https://mtcheck.org/info
necfuture.com,https://formspal.com/necfuture/
nefl-sega-cfc.org,https://pafikotasingaraja.info/
neup.gov,https://neup.inl.gov/
nhl.gov,https://www.hud.gov/
nih.com,https://www.nih.gov/
nij.gov,https://nij.ojp.gov/
nlm.gov,https://www.nlm.nih.gov/
nls.gov,https://www.hud.gov/
nmvtis.gov,https://vehiclehistory.bja.ojp.gov/
nsopw.org,https://www.nsopw.gov/
nvtc.gov,https://www.fbi.gov/about/leadership-and-structure/intelligence/national-virtual-translation-center
obamawhitehouse.gov,https://obamawhitehouse.archives.gov/
ondcp.gov,https://www.whitehouse.gov/
onecpd.info,https://www.hudexchange.info/
onguardonline.gov,https://consumer.ftc.gov/identity-theft-and-online-security/online-privacy-and-security
opioids.gov,https://www.hhs.gov/opioids/index.html
opportunityzones.gov,https://opportunityzones.hud.gov/
ostp.gov,https://www.whitehouse.gov/
ots.gov,https://www.occ.gov/
ourdocuments.gov,https://www.archives.gov/milestone-documents/list
ovc.gov,https://ovc.ojp.gov/
pacer.gov,https://pacer.uscourts.gov/
paleoglot.org,https://naturalhistory.si.edu/research/paleobiology/research/carrano-lab/polyglot-paleontologist
pandemicflu.gov,https://www.cdc.gov/pandemic-flu/index.html
pbgc.biz,https://www.pbgc.gov/
pbgc.com,https://www.pbgc.gov/
pbgc.net,https://www.pbgc.gov/
pbgc.org,https://www.pbgc.gov/
pbgc.us,https://www.pbgc.gov/
pepfar.gov,https://www.state.gov/pepfar/
persuader-reports.gov,https://oprs.dol.gov/
pic.gov,https://www.performance.gov/pic/
pif.gov,https://presidentialinnovationfellows.gov/
pnl.gov,https://www.pnnl.gov/
poolsafety.gov,https://www.poolsafely.gov/
presidentialdocuments.gov,https://www.govinfo.gov/app/collection/cpd
presidentschallenge.org,https://odphp.health.gov/pcsfn
presidiotrust.gov,https://presidio.gov/about/presidio-trust
presidiotunneltops.gov,https://presidio.gov/explore/attractions/presidio-tunnel-tops
preventionresourcefinder.gov,https://www.dhs.gov/prevention
project-open-data.github.io,https://resources.data.gov/
projectsafechildhood.gov,https://www.justice.gov/psc
projectsafeneighborhoods.gov,https://www.justice.gov/psn
psc.gov,https://www.hhs.gov/about/agencies/asa/psc/index.html
pscr.gov,https://www.nist.gov/ctl/pscr
psob.gov,https://psob.bja.ojp.gov/
pubmed.gov,https://pubmed.ncbi.nlm.nih.gov/
qualitynet.org,https://qualitynet.cms.gov/
readybusiness.gov,https://www.ready.gov/business
rec.gov,https://www.recreation.gov/
recordsmanagement.gov,https://www.archives.gov/records-mgmt
recoverymonth.gov,https://www.samhsa.gov/about/digital-toolkits/recovery-month
relocatefeds.gov,https://www.epa.gov/relocatefeds
rideelectric.gov,https://driveelectric.gov/ride
safecar.gov,https://www.nhtsa.gov/campaign/safercargov?redirect-safercar-sitewide
safercar.gov,https://www.nhtsa.gov/campaign/safercargov?redirect-safercar-sitewide
saferproduct.gov,https://www.saferproducts.gov/
safertruck.gov,https://www.nhtsa.gov/safertruck?redirect-safertruck-sitewide
safetyvideos.gov,https://www.csb.gov/videos/
safgrandchallenge.gov,https://biomassboard.gov/sustainable-aviation-fuel-grand-challenge
savingsbondwizard.gov,https://www.treasurydirect.gov/404/
scra.gov,https://www.justice.gov/servicemembers
seguridadconsumidor.gov,https://www.cpsc.gov/es
segurosocial.gov,https://www.ssa.gov/es
selectusa.gov,https://www.trade.gov/selectusa
semiconductors.gov,https://www.nist.gov/chips
senatecalendar.gov,https://www.govinfo.gov/app/collection/ccal
sentinel.gov,https://www.ftc.gov/enforcement/consumer-sentinel-network
servicelocator.org,https://www.careeronestop.org/localhelp/service-locator.aspx
servicemembers.gov,https://www.justice.gov/servicemembers
shopvcs.com,https://shopvcs.va.gov/
slgs.gov,https://www.treasurydirect.gov/government/slgs/
smart.gov,https://smart.ojp.gov/
smartcheck.gov,https://www.cftc.gov/LearnAndProtect
smartgrid.gov,https://www.energy.gov/electricity-insights
smithsonianstudentadventures.com,https://smithsonianstudenttravel.org/
socialsecurity.gov,https://www.ssa.gov/
spectrum.gov,https://www.ntia.gov/other-publication/2017/federal-government-spectrum-compendium
ssbgportal.net,https://ssbgportal.acf.hhs.gov/Account/Login?ReturnUrl=%2F
standards.gov,https://www.nist.gov/standardsgov
stopransomware.gov,https://www.cisa.gov/stopransomware
suicidepreventionlifeline.org,https://988lifeline.org/
surgeongeneral.gov,https://www.hhs.gov/surgeongeneral/index.html
tasefiling.gov,https://itatasb2c.b2clogin.com/273317c2-6fdc-4d1f-8000-6d9fc6ca17a3/b2c_1_tasportalapp/oauth2/v2.0/authorize?client_id=380dcc7e-7e25-4594-90d9-ca2efc305ba3&redirect_uri=https%3A%2F%2Ftasefiling.powerappsportals.us%2Fsignin-aad-b2c_1&response_type=code%20id_token&scope=openid&state=OpenIdConnect.AuthenticationProperties%3DZeknVyq27-hjI40kKMMfwtmBG7m64fSA3gz3e_UvYfotJXMOVV1eXRYtH9BzDcRSHwGiTEa6IfukpHUZVcHiw12gnOgfrcFTHz1HVotJ8MifuJKMrlFjdd1ogqo87iNhnUw0AX6ajf6th6phwlLmq9tUeYd5JKbVM7_HwEzi_n4bvJ-eUk3DEz0rBJcafqZ3GNxy2oZmc2H9K8-YRCtNERz0_FFG9xmDkysjqHdX_9nQ1Tz-Y-WQSZKsvYHWapgEI7UI63sm5fiZodUldt-1kCqr1OuLXLUUF1v_GYbTvQ6Jtp7bUq4952zTZu7xnDW8EzW9EhkOx8F9KvY_1vhqxAiRrkMDwqeYuOXazVE0vlHNg0p2tlZm24T6WMRMDVG8F1G3O12PsGqJ7B5740NMiKTM2tBzvIBE1Kaji0noQMi-DBH4XGVp5tlQOWQefXRZqcOqlIyFrysm5hxqagxK_tA7TyGbkYy73WGIfXizEa6i3FYU-X2ZfviTcDSTUtgBTu6D-qk6TMHFeTWH2fTnWQ5ZzYvNnRtET8qKfotfYCIhOHePnzdQr9-gXAWGW8vfafVDY5iIFh8nVEqUFLQgG1ljEi6YkhZxqqpddhle2_5MBjv0hIc9D5Lml-v0nSBt&response_mode=form_post&nonce=638734471906834989.NmEzMzAxMDQtNzE1Mi00MWQyLWI4OTEtNGNiMmM5YWQ1YmM2YzkxODU5MjEtZDA1Mi00OGU5LTgwMGEtYTdjYjI2NWFmMDM1&ui_locales=en-US&x-client-SKU=ID_NET472&x-client-ver=6.35.0.0
techhubs.gov,https://www.eda.gov/funding/programs/regional-technology-and-innovation-hubs
telework.gov,https://www.opm.gov/telework/
thebraininitiative.gov,https://braininitiative.nih.gov/
thehearttruth.com,https://www.nhlbi.nih.gov/health-topics/education-and-awareness/heart-truth
thehearttruth.org,https://www.nhlbi.nih.gov/health-topics/education-and-awareness/heart-truth
treas.gov,https://home.treasury.gov/
treasuryscams.gov,https://www.treasurydirect.gov/laws-and-regulations/fraud/
tribaljusticeandsafety.gov,https://www.justice.gov/tribal
trumpwhitehouse.gov,https://trumpwhitehouse.archives.gov/
tsc.gov,https://www.fbi.gov/investigate/terrorism/tsc
tva.gov,https://www.tva.com/
tvaed.com,https://www.tva.com/Economic-Development
ui.gov,https://www.dol.gov/
unemployment.gov,https://www.dol.gov/
unionreports.gov,https://www.dol.gov/agencies/olms/public-disclosure-room
unlocktalent.gov,https://www.opm.gov/data/
urbanwaters.gov,https://www.epa.gov/urbanwaterspartners
us-cert.gov,https://www.cisa.gov/
us.gov,https://www.usa.gov/
usa250.gov,https://america250.org/
usability.gov,https://digital.gov/topics/usability/
usagov.gov,https://www.usa.gov/
usajobs.com,https://www.usajobs.gov/
uscode.gov,https://www.govinfo.gov/app/collection/uscode
usda.mannlib.cornell.edu,https://usda.library.cornell.edu/
usdfc.gov,https://www.dfc.gov/
usdigitalservice.gov,https://www.usds.gov/
usdoj.gov,https://www.justice.gov/
userra.gov,https://www.justice.gov/servicemembers
usidfc.gov,https://www.dfc.gov/
ussm.gov,https://ussm.gsa.gov/
usss.gov,https://www.secretservice.gov/
ustreas.gov,https://home.treasury.gov/
utahfireinfo.gov,https://utah-fire-info-utahdnr.hub.arcgis.com/
vaccine.gov,https://www.vaccines.gov/en/
vaccinefinder.org,https://www.vaccines.gov/en/
vacine.gov,https://www.vaccines.gov/en/
vacines.gov,https://www.vaccines.gov/en/
vacuna.gov,https://www.vaccines.gov/es/
vacunas.gov,https://www.vaccines.gov/es/
vehiclehistory.gov,https://vehiclehistory.bja.ojp.gov/
veterans.gov,https://www.dol.gov/agencies/vets?utm_source=veterans_gov&utm_medium=redirect&utm_campaign=veterans_gov_redirect
vets.gov,https://www.va.gov/
visforvaccinated.gov,https://www.hhs.gov/visforvaccinated/index.html
voa.gov,https://www.voanews.com/
voatour.com,https://www.insidevoa.com/p/8574.html
volcano.gov,https://www.usgs.gov/natural-hazards/volcano-hazards/
volcanoes.usgs.gov,https://www.usgs.gov/natural-hazards/volcano-hazards/
votebymail.gov,https://www.eac.gov/voters/national-mail-voter-registration-form
water.usgs.gov,https://www.usgs.gov/mission-areas/water-resources
wh.gov,https://www.whitehouse.gov/
wibeaches.us,https://dnr.wisconsin.gov/topic/Beaches
wizard.gov,https://treasurydirect.gov/savings-bonds/savings-bond-calculator/
worldwar1centennial.gov,https://worldwar1centennial.org/
youthrules.gov,https://www.dol.gov/agencies/whd/youthrules